POWERFUL WEBSITES COLLECTION,,,,
Category,Website Name,Link,Details,
Shopping,Rakuten,www.rakuten.com/r/MAXCAS39?eeid=28187,"Free Cashback from online shopping, my favorite website ever",
Entertainment,A Good Movie,https://agoodmovietowatch.com/,Curated movie picks,
Design,WhatTheFont,https://www.myfonts.com/WhatTheFont/,Font identifier,
Tool,House Creep,https://www.housecreep.com/,Address crime history,
Books,Which Book,https://whichbook.net/,Mood-based book picks,
AI,Remove BG,https://remove.bg,Auto background remover,
Entertainment,ReelGood Roulette,https://reelgood.com/roulette/netflix,Random title picker,
Music,Tune Find,https://tunefind.com/,TV/film song ID,
Tool,TempMail,https://temp-mail.org/en/,Disposable email address,
Travel,Seat Guru,https://www.seatguru.com/,Airplane seat guide,
Tool,WiFi Map,https://www.wifimap.io/,Offline hotspot map,
AI,The Inpaint,https://theinpaint.com,Remove objects in photos,
Tool,WiFi spc,https://wifispc.com,Venue Wi-Fi passwords,
AI,Photopea,https://www.photopea.com/,Online Photoshop clone,
Health,SleepyTime,https://sleepyti.me,Optimal sleep times,
Tool,City Protect,https://cityprotect.com,Police incident map,
Music,Music Map,https://www.music-map.com/,Similar artist graph,
Tool,Omni Calculator,https://www.omnicalculator.com/,Specialty calculators,
Food,Taste Atlas,https://www.tasteatlas.com/,World food guide,
Tool,AlternativeTo,https://alternativeto.net/,Software alternatives,
AI,Cleanup Pictures,https://cleanup.pictures/,Remove objects in images,
Tool,I Love PDF,https://www.ilovepdf.com,PDF toolkit,
School,Docsity,https://www.docsity.com/en/,Past exams & notes,
Music,Vocal Remover,https://vocalremover.com/,Split vocals & music,
Tool,Account Killer,https://www.accountkiller.com/en/home,Delete-account guides,
Fitness,Muscle Wiki,https://musclewiki.com/,Target muscle workouts,
School,Cheatography,https://cheatography.com,Printable cheat sheets,
School,edX,https://www.edx.org/,Free university courses,
Food,What Should I Make?,http://whatthefuckshouldimakefordinner.com/,Random dinner idea,
Shopping,Amazon Style Snap,https://www.amazon.com/stylesnap,Photo-based product match,
Career,Remote OK,https://remoteok.com/,Remote job board,
Games,Play Retro Games,https://playretrogames.com,Browser retro games,
Food,Eat This Much,https://www.eatthismuch.com/,Auto meal planner,
Entertainment,Just Watch,https://www.justwatch.com/,Streaming availability search,
Food,Hack the Menu,http://hackthemenu.com/,Secret fast-food menus,
Music,WhoSampled,https://www.whosampled.com/,Song samples database,
Tool,Namechk,https://namechk.com/,Username availability,
School,Class Central,https://www.classcentral.com/report/free-certificates/,Free certificate courses,
Tool,Get Human,https://www.gethuman.com,Human support shortcuts,
Design,Gardena My Garden,https://my-garden.gardena.com/int,Garden planner,
Food,Just The Recipe,https://www.justtherecipe.com/,Recipe-only extractor,
AI,AI Blaze,https://blaze.today/study/,Free AI writing and research tool,
Tool,DealSeek,https://dealseek.com/,Free Amazon Deals and Coupon website,
Tool,Humva,https://humva.com/?utm_source=maxtalkstech&utm_medium=kol,Create your own AI avatar,
Tool,Flowith,https://flowith.io/,Superpowered AI agent that does everything,
Tool,Deepstock,https://deepstock.com/,Millions of rolalty-free images to use,
Tool,Pixverse,https://app.pixverse.ai/home,Best image-to-video generator,
Business,Printful,https://www.printful.com/,No-cost apparel dropshipping side hustle,
Tool,SaveFBS,https://savefbs.com/,Download facebook videos for free,
Tool,ImagineExplainers,https://imagineexplainers.com/,"Create informational videos instantly, no editing required",
Tool,HailuoAi,https://hailuoai.video/,Create stunning videos with sound using AI,
Tool,Emergent,https://app.emergent.sh/,"AI website builder, no coding required",
Tool,Fish.Audio,https://fish.audio/,Clone your voice using AI,
Tool,Vidalgo,https://www.vidalgo.tech/,"Create viral Tiktoks, no editing required",
Tool,Vidu,https://www.vidu.com/,Top AI video and image generator,
Tool,StockIMG,https://stockimg.ai/,"Generate stock photos, social media posts, and more",
Tool,Vizard,https://vizard.ai/,AI video clipping tool,
Tool,GenSpark,https://www.genspark.ai/,Powerful AI tool to create powerpoints and design excel files,
Education,LingoHut,https://www.lingohut.com/en,Learn languages for free,
Fun,MonkeyType,https://monkeytype.com/,Free typing test to improve speed,
Music,Radio Garden,https://radio.garden/,Spin a globe and explore live radio worldwide.,
AI,Quick Draw (Google),https://quickdraw.withgoogle.com/,Doodle game where AI guesses your drawings.,
Tool,Squoosh,https://squoosh.app/,Compress images with high quality.,
Game,GeoGuessr (Free Version),https://www.geoguessr.com/free,Guess real-world locations using Street View.,
Fun,Drive and Listen,https://drivenlisten.com/,Drive virtually through global cities with local radio.,
AI,Same Energy,https://same.energy/,Find visually similar images for inspiration.,
Art,Neon Flames,https://29a.ch/sandbox/2011/neonflames/,Create cosmic art with glowing brushstrokes.,
AI,This Person Does Not Exist,https://thispersondoesnotexist.com/,AI-generated faces that don’t exist.,
Space,"100,000 Stars",https://stars.chromeexperiments.com/,3D interactive exploration of our galaxy.,
Nostalgia,My90sTV,https://90s.myretrotvs.com/,Watch randomized 90s TV clips.,
Aviation,Flightradar24,"https://www.flightradar24.com/51.47,0.46/6",Track global flights in real time.,
Entertainment,Movielens,https://movielens.org/,Get movie recommendations based on ratings.,
Entertainment,Imgur,https://imgur.com/,"View viral images, memes, and GIFs.",
Music,Patatap,https://patatap.com/,Create music and visuals with keyboard input.,
Fun,Random Street View,https://randomstreetview.com/,Jump to random Google Street View locations.,
Education,Human Biodigital,https://human.biodigital.com/,Free 3D model of a human body and anatomy lessons,
Education,Project Gutenberg,https://www.gutenberg.org/,"75,000 free books",
Education,ChatEDU,https://chatedu.io/en,"Create study guides, practice quizzes, and more",
AI,Pippit,https://www.pippit.ai/,AI Avatars,
Coding,Magic Loops,https://magicloops.dev/,Build mobile and web apps with no coding,
Education,bioRender,https://www.biorender.com/,Free icons and templates from 30+ fields of life sciences,
AI,Runable,https://runable.com/?utm_source=TT&utm_medium=if,Create presentations and websites in seconds,
Coding,Rocket,https://rocket.new/,Build mobile and web apps with no coding,
AI,Originality,https://originality.ai/,Plagiarism checker,
Fun,3dTuning,https://www.3dtuning.com/en-US/,Design hundres of car types,
Education,Solvely.ai,https://solvely.ai/,"Generate quizzes, flashcards, and solve homework problems",
AI,Deepvo,https://deepvo.ai/en,Transcribe school lectures and work meetings,
Fun,Plan Your Room,https://www.planyourroom.com/,Design any room in your home for free,
Education,Open Library,https://openlibrary.org/,Free millions of books and textbooks for free,
Education,Education,https://www.education.com/,Free printable worksheets K-8th Grade,
Coding,Trickle,https://trickle.so/,Build mobile and web apps with no coding,
Work,We Work Remotely,http://weworkremotely.com/,Remote and hybrid job board,
Work,Jobspresso,https://jobspresso.co/,Remote and hybrid job board,
Work,FlexJobs,https://www.flexjobs.com/,Remote and hybrid job board,
Work,RemoteScout24,https://remotescout24.com/en,Remote and hybrid job board,
Finance,Cleo,https://apps.apple.com/us/app/cleo-ai-smart-money-manager/id1447274646,Free personal finance and budgeting app,
AI,Light PDF,https://lightpdf.com/tools,Free PDF editing tools,
